InvoiceNo,StockCode,Description,Quantity,InvoiceDate,UnitPrice,CustomerID,Country
536365,SKU1000,Sofa,2,2023-01-01 00:00:00,77.66,10007.0,Spain
536366,SKU1001,Lamp,4,2023-01-01 01:00:00,64.42,10060.0,UK
536367,SKU1002,Chair,1,2023-01-01 02:00:00,163.34,10011.0,Germany
536368,SKU1003,Bed,2,2023-01-01 03:00:00,185.4,10015.0,Spain
536369,SKU1004,Lamp,2,2023-01-01 04:00:00,113.16,10017.0,Turkey
536370,SKU1005,Bed,4,2023-01-01 05:00:00,77.86,10031.0,UK
536371,SKU1006,Sofa,1,2023-01-01 06:00:00,63.74,10065.0,Germany
536372,SKU1007,Chair,1,2023-01-01 07:00:00,52.65,,UK
536373,SKU1008,Table,4,2023-01-01 08:00:00,60.0,10041.0,Turkey
536374,SKU1009,Sofa,1,2023-01-01 09:00:00,71.33,10011.0,Germany
536375,SKU1010,Sofa,4,2023-01-01 10:00:00,108.85,10037.0,UK
536376,SKU1011,Lamp,1,2023-01-01 11:00:00,169.44,10004.0,Spain
536377,SKU1012,Table,3,2023-01-01 12:00:00,64.2,10070.0,Germany
536378,SKU1013,Sofa,1,2023-01-01 13:00:00,182.26,10023.0,UK
536379,SKU1014,Sofa,3,2023-01-01 14:00:00,100.11,10089.0,France
536380,SKU1015,Table,3,2023-01-01 15:00:00,136.93,10015.0,Turkey
536381,SKU1016,Sofa,2,2023-01-01 16:00:00,120.81,10050.0,Spain
536382,SKU1017,Chair,1,2023-01-01 17:00:00,53.96,10040.0,Spain
536383,SKU1018,Sofa,3,2023-01-01 18:00:00,154.96,10013.0,France
536384,SKU1019,Lamp,1,2023-01-01 19:00:00,180.74,10079.0,Germany
536385,SKU1020,Table,1,2023-01-01 20:00:00,91.13,10098.0,Turkey
536386,SKU1021,Table,1,2023-01-01 21:00:00,126.68,10093.0,Spain
536387,SKU1022,Lamp,1,2023-01-01 22:00:00,65.34,10007.0,UK
536388,SKU1023,Bed,1,2023-01-01 23:00:00,136.11,10022.0,UK
536389,SKU1024,Sofa,4,2023-01-02 00:00:00,91.02,10073.0,Spain
536390,SKU1025,Chair,1,2023-01-02 01:00:00,133.37,10054.0,France
536391,SKU1026,Table,1,2023-01-02 02:00:00,129.95,10055.0,Spain
536392,SKU1027,Bed,1,2023-01-02 03:00:00,39.73,10043.0,France
536393,SKU1028,Lamp,2,2023-01-02 04:00:00,23.11,10093.0,Germany
536394,SKU1029,Sofa,3,2023-01-02 05:00:00,57.54,10002.0,France
536395,SKU1030,Lamp,1,2023-01-02 06:00:00,150.24,10013.0,UK
536396,SKU1031,Bed,3,2023-01-02 07:00:00,5.37,10008.0,Germany
536397,SKU1032,Sofa,1,2023-01-02 08:00:00,105.55,10047.0,France
536398,SKU1033,Table,1,2023-01-02 09:00:00,27.96,10079.0,Germany
536399,SKU1034,Chair,4,2023-01-02 10:00:00,172.16,10064.0,France
536400,SKU1035,Bed,4,2023-01-02 11:00:00,164.43,10076.0,Turkey
536401,SKU1036,Lamp,4,2023-01-02 12:00:00,194.12,10024.0,UK
536402,SKU1037,Bed,2,2023-01-02 13:00:00,99.47,10099.0,Spain
536403,SKU1038,Bed,1,2023-01-02 14:00:00,34.14,10071.0,Germany
536404,SKU1039,Lamp,1,2023-01-02 15:00:00,90.87,10018.0,France
536405,SKU1040,Table,2,2023-01-02 16:00:00,122.81,10087.0,France
536406,SKU1041,Chair,4,2023-01-02 17:00:00,88.95,10064.0,France
536407,SKU1042,Chair,1,2023-01-02 18:00:00,171.02,10079.0,Turkey
536408,SKU1043,Table,2,2023-01-02 19:00:00,144.93,10020.0,UK
536409,SKU1044,Bed,1,2023-01-02 20:00:00,155.45,,Turkey
536410,SKU1045,Table,4,2023-01-02 21:00:00,109.02,10016.0,Turkey
536411,SKU1046,Chair,2,2023-01-02 22:00:00,50.42,10000.0,Spain
536412,SKU1047,Table,2,2023-01-02 23:00:00,150.02,10009.0,France
536413,SKU1048,Sofa,2,2023-01-03 00:00:00,62.39,10040.0,UK
536414,SKU1049,Bed,2,2023-01-03 01:00:00,83.79,10027.0,Spain
536415,SKU1050,Table,3,2023-01-03 02:00:00,43.46,,Turkey
536416,SKU1051,Sofa,4,2023-01-03 03:00:00,196.3,10017.0,Germany
536417,SKU1052,Lamp,1,2023-01-03 04:00:00,162.58,10042.0,Germany
536418,SKU1053,Sofa,1,2023-01-03 05:00:00,116.78,10042.0,Germany
536419,SKU1054,Bed,1,2023-01-03 06:00:00,163.89,10032.0,UK
536420,SKU1055,Sofa,2,2023-01-03 07:00:00,81.78,10043.0,Germany
536421,SKU1056,Chair,2,2023-01-03 08:00:00,142.05,10086.0,UK
536422,SKU1057,Chair,1,2023-01-03 09:00:00,59.49,10088.0,UK
536423,SKU1058,Table,2,2023-01-03 10:00:00,70.54,10048.0,Turkey
536424,SKU1059,Table,1,2023-01-03 11:00:00,18.34,10050.0,France
536425,SKU1060,Lamp,4,2023-01-03 12:00:00,34.01,10037.0,UK
536426,SKU1061,Table,4,2023-01-03 13:00:00,176.37,10008.0,France
536427,SKU1062,Chair,3,2023-01-03 14:00:00,35.58,10005.0,Turkey
536428,SKU1063,Bed,1,2023-01-03 15:00:00,98.92,10096.0,Turkey
536429,SKU1064,Chair,4,2023-01-03 16:00:00,132.02,10030.0,France
536430,SKU1065,Table,4,2023-01-03 17:00:00,28.56,10065.0,Spain
536431,SKU1066,Sofa,3,2023-01-03 18:00:00,81.57,10081.0,UK
536432,SKU1067,Chair,2,2023-01-03 19:00:00,22.7,10072.0,Spain
536433,SKU1068,Sofa,1,2023-01-03 20:00:00,116.96,10013.0,France
536434,SKU1069,Lamp,2,2023-01-03 21:00:00,156.11,10002.0,France
536435,SKU1070,Table,2,2023-01-03 22:00:00,135.69,,Spain
536436,SKU1071,Sofa,3,2023-01-03 23:00:00,136.8,10093.0,France
536437,SKU1072,Bed,1,2023-01-04 00:00:00,14.57,10009.0,Turkey
536438,SKU1073,Bed,1,2023-01-04 01:00:00,47.07,10095.0,Turkey
536439,SKU1074,Lamp,1,2023-01-04 02:00:00,177.92,10054.0,Spain
536440,SKU1075,Sofa,4,2023-01-04 03:00:00,99.2,10043.0,Spain
536441,SKU1076,Table,4,2023-01-04 04:00:00,101.25,10096.0,Turkey
536442,SKU1077,Sofa,1,2023-01-04 05:00:00,57.04,10002.0,Spain
536443,SKU1078,Chair,1,2023-01-04 06:00:00,164.31,10033.0,UK
536444,SKU1079,Bed,2,2023-01-04 07:00:00,184.05,10022.0,Turkey
536445,SKU1080,Chair,2,2023-01-04 08:00:00,90.67,,Turkey
536446,SKU1081,Table,3,2023-01-04 09:00:00,105.38,10074.0,Germany
536447,SKU1082,Chair,2,2023-01-04 10:00:00,41.67,10040.0,Spain
536448,SKU1083,Chair,1,2023-01-04 11:00:00,68.37,10062.0,Germany
536449,SKU1084,Lamp,2,2023-01-04 12:00:00,62.38,10001.0,UK
536450,SKU1085,Lamp,2,2023-01-04 13:00:00,178.15,10088.0,Turkey
536451,SKU1086,Bed,2,2023-01-04 14:00:00,84.72,10063.0,UK
536452,SKU1087,Chair,2,2023-01-04 15:00:00,104.67,10040.0,Turkey
536453,SKU1088,Sofa,2,2023-01-04 16:00:00,17.79,10078.0,UK
536454,SKU1089,Chair,4,2023-01-04 17:00:00,104.21,10082.0,France
536455,SKU1090,Sofa,3,2023-01-04 18:00:00,173.99,10006.0,UK
536456,SKU1091,Chair,2,2023-01-04 19:00:00,79.32,10084.0,Turkey
536457,SKU1092,Sofa,2,2023-01-04 20:00:00,177.58,10040.0,Germany
536458,SKU1093,Bed,4,2023-01-04 21:00:00,45.22,,UK
536459,SKU1094,Table,2,2023-01-04 22:00:00,87.75,10039.0,UK
536460,SKU1095,Lamp,2,2023-01-04 23:00:00,52.3,,Germany
536461,SKU1096,Table,4,2023-01-05 00:00:00,184.73,10088.0,France
536462,SKU1097,Table,-3,2023-01-05 01:00:00,53.23,10001.0,Spain
536463,SKU1098,Lamp,1,2023-01-05 02:00:00,174.23,10018.0,Turkey
536464,SKU1099,Sofa,3,2023-01-05 03:00:00,109.08,10041.0,Germany
536465,SKU1100,Bed,1,2023-01-05 04:00:00,140.48,10050.0,Turkey
536466,SKU1101,Lamp,1,2023-01-05 05:00:00,47.88,10010.0,Germany
536467,SKU1102,Chair,2,2023-01-05 06:00:00,146.91,10006.0,Spain
536468,SKU1103,Bed,2,2023-01-05 07:00:00,173.3,10099.0,France
536469,SKU1104,Sofa,2,2023-01-05 08:00:00,47.87,10037.0,Turkey
536470,SKU1105,Lamp,2,2023-01-05 09:00:00,44.08,10037.0,Turkey
536471,SKU1106,Lamp,1,2023-01-05 10:00:00,53.82,10016.0,Turkey
536472,SKU1107,Sofa,1,2023-01-05 11:00:00,113.77,10041.0,Turkey
536473,SKU1108,Table,4,2023-01-05 12:00:00,40.74,10065.0,Turkey
536474,SKU1109,Table,3,2023-01-05 13:00:00,61.18,10085.0,France
536475,SKU1110,Sofa,1,2023-01-05 14:00:00,18.05,,Turkey
536476,SKU1111,Bed,2,2023-01-05 15:00:00,73.69,10058.0,Turkey
536477,SKU1112,Sofa,3,2023-01-05 16:00:00,73.49,10048.0,France
536478,SKU1113,Bed,3,2023-01-05 17:00:00,158.98,10027.0,Turkey
536479,SKU1114,Chair,4,2023-01-05 18:00:00,122.16,10006.0,UK
536480,SKU1115,Bed,1,2023-01-05 19:00:00,87.66,10008.0,Spain
536481,SKU1116,Chair,-3,2023-01-05 20:00:00,102.23,10092.0,UK
536482,SKU1117,Bed,2,2023-01-05 21:00:00,71.4,,Turkey
536483,SKU1118,Table,2,2023-01-05 22:00:00,94.03,10006.0,UK
536484,SKU1119,,4,2023-01-05 23:00:00,63.37,10034.0,Turkey
536485,SKU1120,Bed,1,2023-01-06 00:00:00,144.64,10008.0,France
536486,SKU1121,Table,3,2023-01-06 01:00:00,188.46,10059.0,Spain
536487,SKU1122,Bed,3,2023-01-06 02:00:00,197.16,10035.0,France
536488,SKU1123,Bed,3,2023-01-06 03:00:00,84.7,10079.0,Germany
536489,SKU1124,Chair,3,2023-01-06 04:00:00,70.6,10027.0,Spain
536490,SKU1125,Lamp,-3,2023-01-06 05:00:00,189.65,10069.0,France
536491,SKU1126,Sofa,1,2023-01-06 06:00:00,169.46,10053.0,Spain
536492,SKU1127,Table,2,2023-01-06 07:00:00,26.07,10024.0,Turkey
536493,SKU1128,Table,2,2023-01-06 08:00:00,64.99,10099.0,Germany
536494,SKU1129,Table,3,2023-01-06 09:00:00,133.33,10058.0,UK
536495,SKU1130,Table,1,2023-01-06 10:00:00,103.13,10044.0,UK
536496,SKU1131,Chair,1,2023-01-06 11:00:00,8.7,10077.0,Turkey
536497,SKU1132,Sofa,2,2023-01-06 12:00:00,171.36,10017.0,Spain
536498,SKU1133,Table,2,2023-01-06 13:00:00,70.27,10009.0,Turkey
536499,SKU1134,Bed,2,2023-01-06 14:00:00,63.67,10081.0,France
536500,SKU1135,Lamp,4,2023-01-06 15:00:00,161.0,10058.0,Spain
536501,SKU1136,Lamp,3,2023-01-06 16:00:00,123.76,,UK
536502,SKU1137,Table,1,2023-01-06 17:00:00,54.99,10073.0,Spain
536503,SKU1138,Table,1,2023-01-06 18:00:00,107.85,10053.0,Spain
536504,SKU1139,Chair,2,2023-01-06 19:00:00,78.88,10045.0,Turkey
536505,SKU1140,Bed,1,2023-01-06 20:00:00,160.2,10079.0,Turkey
536506,SKU1141,Table,2,2023-01-06 21:00:00,34.33,10067.0,Turkey
536507,SKU1142,Lamp,1,2023-01-06 22:00:00,174.44,10069.0,Turkey
536508,SKU1143,Table,2,2023-01-06 23:00:00,198.26,10033.0,UK
536509,SKU1144,Lamp,-1,2023-01-07 00:00:00,191.36,10091.0,France
536510,SKU1145,Lamp,2,2023-01-07 01:00:00,141.07,10051.0,Turkey
536511,SKU1146,Lamp,2,2023-01-07 02:00:00,196.11,10033.0,Turkey
536512,SKU1147,Bed,2,2023-01-07 03:00:00,83.5,10033.0,France
536513,SKU1148,Table,1,2023-01-07 04:00:00,189.39,10011.0,France
536514,SKU1149,Chair,3,2023-01-07 05:00:00,60.58,10031.0,Turkey
536515,SKU1150,Table,2,2023-01-07 06:00:00,96.31,10097.0,Turkey
536516,SKU1151,Lamp,2,2023-01-07 07:00:00,165.68,10009.0,Spain
536517,SKU1152,Chair,2,2023-01-07 08:00:00,50.09,10097.0,France
536518,SKU1153,Chair,2,2023-01-07 09:00:00,174.4,10055.0,Spain
536519,SKU1154,Lamp,1,2023-01-07 10:00:00,57.81,10075.0,France
536520,SKU1155,Table,2,2023-01-07 11:00:00,194.33,10043.0,France
536521,SKU1156,Bed,2,2023-01-07 12:00:00,84.61,10087.0,Turkey
536522,SKU1157,Lamp,2,2023-01-07 13:00:00,174.71,10032.0,Germany
536523,SKU1158,Sofa,1,2023-01-07 14:00:00,195.04,10076.0,Germany
536524,SKU1159,Lamp,1,2023-01-07 15:00:00,90.2,10078.0,France
536525,SKU1160,Bed,2,2023-01-07 16:00:00,129.26,10085.0,France
536526,SKU1161,Chair,1,2023-01-07 17:00:00,105.05,10021.0,Turkey
536527,SKU1162,Table,2,2023-01-07 18:00:00,56.95,10092.0,UK
536528,SKU1163,Sofa,3,2023-01-07 19:00:00,21.17,10086.0,Spain
536529,SKU1164,Lamp,2,2023-01-07 20:00:00,135.17,10066.0,France
536530,SKU1165,Bed,1,2023-01-07 21:00:00,114.2,10042.0,UK
536531,SKU1166,Bed,-3,2023-01-07 22:00:00,197.11,,Spain
536532,SKU1167,Lamp,1,2023-01-07 23:00:00,45.87,10033.0,France
536533,SKU1168,Lamp,4,2023-01-08 00:00:00,147.22,10078.0,France
536534,SKU1169,Bed,1,2023-01-08 01:00:00,133.62,10056.0,France
536535,SKU1170,Lamp,3,2023-01-08 02:00:00,100.06,10069.0,Spain
536536,SKU1171,Sofa,1,2023-01-08 03:00:00,52.14,10074.0,UK
536537,SKU1172,Bed,2,2023-01-08 04:00:00,40.92,10063.0,UK
536538,SKU1173,Bed,2,2023-01-08 05:00:00,137.94,10042.0,Germany
536539,SKU1174,Bed,2,2023-01-08 06:00:00,30.02,10098.0,Germany
536540,SKU1175,Lamp,1,2023-01-08 07:00:00,80.8,10062.0,Germany
536541,SKU1176,Lamp,-1,2023-01-08 08:00:00,112.95,10053.0,UK
536542,SKU1177,Lamp,3,2023-01-08 09:00:00,109.12,10068.0,Spain
536543,SKU1178,Bed,4,2023-01-08 10:00:00,167.22,10067.0,Germany
536544,SKU1179,Table,2,2023-01-08 11:00:00,177.66,10063.0,Turkey
536545,SKU1180,Lamp,4,2023-01-08 12:00:00,180.1,10096.0,UK
536546,SKU1181,Bed,2,2023-01-08 13:00:00,41.13,,UK
536547,SKU1182,Bed,1,2023-01-08 14:00:00,117.13,10072.0,UK
536548,SKU1183,Lamp,3,2023-01-08 15:00:00,143.0,10034.0,Spain
536549,SKU1184,Lamp,3,2023-01-08 16:00:00,39.6,10003.0,Germany
536550,SKU1185,Lamp,2,2023-01-08 17:00:00,10.99,10015.0,Turkey
536551,SKU1186,Table,1,2023-01-08 18:00:00,148.17,10000.0,Turkey
536552,SKU1187,Table,2,2023-01-08 19:00:00,49.69,10071.0,Spain
536553,SKU1188,Bed,2,2023-01-08 20:00:00,142.84,10009.0,France
536554,SKU1189,Table,2,2023-01-08 21:00:00,106.69,10086.0,Turkey
536555,SKU1190,Table,1,2023-01-08 22:00:00,95.7,10026.0,Germany
536556,SKU1191,Chair,4,2023-01-08 23:00:00,169.69,10012.0,France
536557,SKU1192,Table,1,2023-01-09 00:00:00,17.34,10035.0,UK
536558,SKU1193,Lamp,3,2023-01-09 01:00:00,88.98,10019.0,France
536559,SKU1194,Bed,2,2023-01-09 02:00:00,8.75,10021.0,France
536560,SKU1195,Bed,3,2023-01-09 03:00:00,113.95,10037.0,UK
536561,SKU1196,Bed,2,2023-01-09 04:00:00,85.97,10098.0,France
536562,SKU1197,Chair,1,2023-01-09 05:00:00,191.16,,Germany
536563,SKU1198,Lamp,4,2023-01-09 06:00:00,115.04,10008.0,Spain
536564,SKU1199,Table,2,2023-01-09 07:00:00,189.3,10010.0,Turkey
536565,SKU1200,Bed,3,2023-01-09 08:00:00,149.04,10064.0,Germany
536566,SKU1201,Lamp,1,2023-01-09 09:00:00,83.31,10057.0,Germany
536567,SKU1202,Chair,1,2023-01-09 10:00:00,153.58,10053.0,Germany
536568,SKU1203,Lamp,3,2023-01-09 11:00:00,54.34,10057.0,France
536569,SKU1204,Sofa,4,2023-01-09 12:00:00,123.33,10025.0,Germany
536570,SKU1205,Sofa,3,2023-01-09 13:00:00,193.11,10095.0,Turkey
536571,SKU1206,Sofa,3,2023-01-09 14:00:00,108.37,10089.0,Spain
536572,SKU1207,Bed,2,2023-01-09 15:00:00,59.62,10012.0,Spain
536573,SKU1208,Chair,4,2023-01-09 16:00:00,50.6,10080.0,UK
536574,SKU1209,Bed,4,2023-01-09 17:00:00,109.98,10083.0,Germany
536575,SKU1210,Sofa,3,2023-01-09 18:00:00,123.73,10099.0,UK
536576,SKU1211,Chair,4,2023-01-09 19:00:00,118.83,10097.0,UK
536577,SKU1212,Sofa,1,2023-01-09 20:00:00,25.03,10000.0,Turkey
536578,SKU1213,Sofa,3,2023-01-09 21:00:00,56.29,10062.0,UK
536579,SKU1214,Chair,4,2023-01-09 22:00:00,59.13,10086.0,UK
536580,SKU1215,Chair,-1,2023-01-09 23:00:00,177.31,10045.0,UK
536581,SKU1216,Chair,3,2023-01-10 00:00:00,60.08,10001.0,Germany
536582,SKU1217,Chair,3,2023-01-10 01:00:00,116.81,10005.0,Germany
536583,SKU1218,Bed,1,2023-01-10 02:00:00,76.34,10059.0,Spain
536584,SKU1219,Table,4,2023-01-10 03:00:00,57.87,10047.0,Spain
536585,SKU1220,Sofa,3,2023-01-10 04:00:00,62.71,,Germany
536586,SKU1221,Sofa,2,2023-01-10 05:00:00,171.9,10013.0,Germany
536587,SKU1222,Bed,1,2023-01-10 06:00:00,132.96,10008.0,Germany
536588,SKU1223,Chair,2,2023-01-10 07:00:00,67.79,10028.0,Germany
536589,SKU1224,Lamp,2,2023-01-10 08:00:00,95.39,10078.0,Spain
536590,SKU1225,Sofa,1,2023-01-10 09:00:00,150.6,10096.0,France
536591,SKU1226,Bed,2,2023-01-10 10:00:00,103.81,10094.0,Germany
536592,SKU1227,Sofa,1,2023-01-10 11:00:00,125.12,10019.0,France
536593,SKU1228,Table,1,2023-01-10 12:00:00,139.57,10015.0,France
536594,SKU1229,Sofa,3,2023-01-10 13:00:00,131.36,10007.0,Spain
536595,SKU1230,Bed,-3,2023-01-10 14:00:00,135.27,10062.0,UK
536596,SKU1231,Table,3,2023-01-10 15:00:00,149.58,10056.0,UK
536597,SKU1232,Table,2,2023-01-10 16:00:00,70.74,10027.0,UK
536598,SKU1233,Chair,4,2023-01-10 17:00:00,161.3,10050.0,France
536599,SKU1234,Bed,2,2023-01-10 18:00:00,25.5,10073.0,France
536600,SKU1235,,2,2023-01-10 19:00:00,135.21,10088.0,UK
536601,SKU1236,Sofa,-3,2023-01-10 20:00:00,56.19,10086.0,France
536602,SKU1237,Lamp,2,2023-01-10 21:00:00,18.76,10057.0,Turkey
536603,SKU1238,Bed,1,2023-01-10 22:00:00,10.03,10072.0,France
536604,SKU1239,Table,3,2023-01-10 23:00:00,30.69,10003.0,Germany
536605,SKU1240,Chair,3,2023-01-11 00:00:00,7.9,10040.0,France
536606,SKU1241,Bed,1,2023-01-11 01:00:00,114.07,10084.0,Spain
536607,SKU1242,Sofa,1,2023-01-11 02:00:00,154.28,10032.0,France
536608,SKU1243,Bed,3,2023-01-11 03:00:00,55.28,,Spain
536609,SKU1244,Table,1,2023-01-11 04:00:00,74.32,10070.0,France
536610,SKU1245,Table,1,2023-01-11 05:00:00,47.46,10047.0,UK
536611,SKU1246,Bed,4,2023-01-11 06:00:00,149.43,10074.0,UK
536612,SKU1247,Chair,1,2023-01-11 07:00:00,109.68,10084.0,UK
536613,SKU1248,,3,2023-01-11 08:00:00,166.05,10013.0,UK
536614,SKU1249,Lamp,4,2023-01-11 09:00:00,170.11,10003.0,Turkey
536615,SKU1250,Sofa,2,2023-01-11 10:00:00,108.8,10058.0,UK
536616,SKU1251,Lamp,1,2023-01-11 11:00:00,54.76,,Germany
536617,SKU1252,Table,2,2023-01-11 12:00:00,113.83,10067.0,Germany
536618,SKU1253,Table,1,2023-01-11 13:00:00,44.27,,Spain
536619,SKU1254,Bed,2,2023-01-11 14:00:00,195.44,10041.0,Spain
536620,SKU1255,Sofa,2,2023-01-11 15:00:00,154.74,10028.0,UK
536621,SKU1256,Sofa,2,2023-01-11 16:00:00,16.55,10004.0,Germany
536622,SKU1257,Bed,1,2023-01-11 17:00:00,188.4,10054.0,UK
536623,SKU1258,Lamp,2,2023-01-11 18:00:00,124.22,10084.0,Germany
536624,SKU1259,Chair,2,2023-01-11 19:00:00,186.33,,UK
536625,SKU1260,Table,3,2023-01-11 20:00:00,147.36,10097.0,Spain
536626,SKU1261,Bed,3,2023-01-11 21:00:00,15.59,10015.0,UK
536627,SKU1262,Bed,2,2023-01-11 22:00:00,151.1,10095.0,UK
536628,SKU1263,Chair,1,2023-01-11 23:00:00,154.98,10095.0,Spain
536629,SKU1264,Bed,1,2023-01-12 00:00:00,51.65,10046.0,France
536630,SKU1265,Chair,1,2023-01-12 01:00:00,183.18,10032.0,France
536631,SKU1266,Table,1,2023-01-12 02:00:00,192.24,10016.0,Germany
536632,SKU1267,Bed,2,2023-01-12 03:00:00,60.73,10088.0,France
536633,SKU1268,Lamp,-3,2023-01-12 04:00:00,47.79,10000.0,UK
536634,SKU1269,Sofa,2,2023-01-12 05:00:00,101.73,10057.0,UK
536635,SKU1270,Chair,4,2023-01-12 06:00:00,153.69,10003.0,Turkey
536636,SKU1271,Bed,4,2023-01-12 07:00:00,82.61,10029.0,France
536637,SKU1272,Bed,2,2023-01-12 08:00:00,52.18,10082.0,France
536638,SKU1273,Table,1,2023-01-12 09:00:00,80.81,10033.0,Spain
536639,SKU1274,Bed,1,2023-01-12 10:00:00,46.37,10052.0,France
536640,SKU1275,Bed,1,2023-01-12 11:00:00,60.89,10023.0,UK
536641,SKU1276,Table,2,2023-01-12 12:00:00,184.9,10045.0,France
536642,SKU1277,,3,2023-01-12 13:00:00,155.69,10046.0,France
536643,SKU1278,Bed,-1,2023-01-12 14:00:00,187.31,10061.0,France
536644,SKU1279,Bed,1,2023-01-12 15:00:00,66.02,10089.0,Spain
536645,SKU1280,Table,2,2023-01-12 16:00:00,199.06,10046.0,France
536646,SKU1281,Lamp,4,2023-01-12 17:00:00,35.95,10065.0,Germany
536647,SKU1282,Bed,1,2023-01-12 18:00:00,183.36,10045.0,Germany
536648,SKU1283,Sofa,2,2023-01-12 19:00:00,64.24,10017.0,Germany
536649,SKU1284,Table,2,2023-01-12 20:00:00,188.73,10009.0,France
536650,SKU1285,Sofa,2,2023-01-12 21:00:00,5.97,10023.0,Germany
536651,SKU1286,Lamp,1,2023-01-12 22:00:00,149.98,10015.0,Turkey
536652,SKU1287,Bed,2,2023-01-12 23:00:00,109.29,10091.0,UK
536653,SKU1288,Bed,1,2023-01-13 00:00:00,45.56,10032.0,Spain
536654,SKU1289,Lamp,1,2023-01-13 01:00:00,150.12,10045.0,France
536655,SKU1290,Lamp,4,2023-01-13 02:00:00,22.6,10030.0,Spain
536656,SKU1291,Table,2,2023-01-13 03:00:00,190.9,10081.0,Germany
536657,SKU1292,Lamp,4,2023-01-13 04:00:00,14.33,10008.0,Germany
536658,SKU1293,Sofa,1,2023-01-13 05:00:00,54.15,10017.0,UK
536659,SKU1294,Bed,2,2023-01-13 06:00:00,44.62,10082.0,Turkey
536660,SKU1295,Lamp,-1,2023-01-13 07:00:00,45.79,,UK
536661,SKU1296,Sofa,4,2023-01-13 08:00:00,149.08,10051.0,Spain
536662,SKU1297,Chair,3,2023-01-13 09:00:00,193.46,10024.0,Turkey
536663,SKU1298,Lamp,2,2023-01-13 10:00:00,172.92,10048.0,Germany
536664,SKU1299,Table,3,2023-01-13 11:00:00,105.16,10087.0,Spain
536665,SKU1300,Bed,3,2023-01-13 12:00:00,78.23,10085.0,Spain
536666,SKU1301,Sofa,3,2023-01-13 13:00:00,181.14,10024.0,Turkey
536667,SKU1302,Table,3,2023-01-13 14:00:00,67.54,10056.0,France
536668,SKU1303,Sofa,3,2023-01-13 15:00:00,50.66,10057.0,UK
536669,SKU1304,Sofa,1,2023-01-13 16:00:00,32.02,10049.0,UK
536670,SKU1305,Chair,1,2023-01-13 17:00:00,133.16,10073.0,France
536671,SKU1306,Sofa,4,2023-01-13 18:00:00,30.97,10036.0,UK
536672,SKU1307,Table,2,2023-01-13 19:00:00,151.7,10075.0,France
536673,SKU1308,Lamp,1,2023-01-13 20:00:00,163.44,10023.0,Turkey
536674,SKU1309,Sofa,1,2023-01-13 21:00:00,176.04,10008.0,Spain
536675,SKU1310,Sofa,2,2023-01-13 22:00:00,41.61,10005.0,France
536676,SKU1311,Table,4,2023-01-13 23:00:00,176.16,10063.0,UK
536677,SKU1312,Chair,4,2023-01-14 00:00:00,153.1,10047.0,Germany
536678,SKU1313,Lamp,3,2023-01-14 01:00:00,177.98,10017.0,Turkey
536679,SKU1314,Sofa,2,2023-01-14 02:00:00,64.55,10012.0,Germany
536680,SKU1315,Lamp,-1,2023-01-14 03:00:00,177.06,,UK
536681,SKU1316,Bed,1,2023-01-14 04:00:00,190.24,10037.0,Spain
536682,SKU1317,Lamp,3,2023-01-14 05:00:00,97.4,10082.0,Spain
536683,SKU1318,Sofa,3,2023-01-14 06:00:00,40.93,10076.0,Spain
536684,SKU1319,Table,2,2023-01-14 07:00:00,155.93,10026.0,Germany
536685,SKU1320,Table,4,2023-01-14 08:00:00,156.08,10092.0,UK
536686,SKU1321,Sofa,2,2023-01-14 09:00:00,176.1,10041.0,Spain
536687,SKU1322,Table,1,2023-01-14 10:00:00,120.28,10094.0,UK
536688,SKU1323,Sofa,3,2023-01-14 11:00:00,134.76,10099.0,Turkey
536689,SKU1324,Lamp,3,2023-01-14 12:00:00,85.85,10078.0,France
536690,SKU1325,Lamp,3,2023-01-14 13:00:00,6.82,10061.0,Spain
536691,SKU1326,Lamp,2,2023-01-14 14:00:00,101.46,10016.0,Spain
536692,SKU1327,Bed,4,2023-01-14 15:00:00,188.8,10052.0,UK
536693,SKU1328,Chair,2,2023-01-14 16:00:00,174.62,10070.0,UK
536694,SKU1329,Sofa,3,2023-01-14 17:00:00,96.14,10030.0,Germany
536695,SKU1330,Table,2,2023-01-14 18:00:00,46.35,10035.0,Spain
536696,SKU1331,Chair,2,2023-01-14 19:00:00,92.06,10030.0,France
536697,SKU1332,Sofa,4,2023-01-14 20:00:00,168.01,10059.0,Spain
536698,SKU1333,Table,3,2023-01-14 21:00:00,87.24,10075.0,France
536699,SKU1334,Lamp,1,2023-01-14 22:00:00,108.02,10035.0,UK
536700,SKU1335,Bed,2,2023-01-14 23:00:00,134.68,10037.0,France
536701,SKU1336,Bed,2,2023-01-15 00:00:00,45.66,10013.0,Spain
536702,SKU1337,Lamp,3,2023-01-15 01:00:00,120.85,10069.0,Turkey
536703,SKU1338,Bed,1,2023-01-15 02:00:00,86.44,10050.0,France
536704,SKU1339,Sofa,3,2023-01-15 03:00:00,117.93,,France
536705,SKU1340,Sofa,2,2023-01-15 04:00:00,51.45,10033.0,France
536706,SKU1341,Table,-1,2023-01-15 05:00:00,106.18,10075.0,Spain
536707,SKU1342,Table,2,2023-01-15 06:00:00,109.19,10012.0,Germany
536708,SKU1343,Lamp,-1,2023-01-15 07:00:00,176.5,10082.0,Turkey
536709,SKU1344,Chair,1,2023-01-15 08:00:00,188.79,10071.0,Turkey
536710,SKU1345,Lamp,1,2023-01-15 09:00:00,118.17,10069.0,Spain
536711,SKU1346,Sofa,1,2023-01-15 10:00:00,14.47,10031.0,France
536712,SKU1347,Bed,1,2023-01-15 11:00:00,11.67,10094.0,UK
536713,SKU1348,Table,1,2023-01-15 12:00:00,101.47,10083.0,Germany
536714,SKU1349,Lamp,2,2023-01-15 13:00:00,147.57,10094.0,Germany
536715,SKU1350,Sofa,4,2023-01-15 14:00:00,60.66,10039.0,Turkey
536716,SKU1351,Bed,2,2023-01-15 15:00:00,164.77,10098.0,France
536717,SKU1352,Chair,3,2023-01-15 16:00:00,185.75,10026.0,Turkey
536718,SKU1353,Sofa,1,2023-01-15 17:00:00,44.71,,Turkey
536719,SKU1354,Sofa,4,2023-01-15 18:00:00,13.72,10046.0,Spain
536720,SKU1355,Lamp,2,2023-01-15 19:00:00,111.84,10007.0,Turkey
536721,SKU1356,Table,2,2023-01-15 20:00:00,172.85,10040.0,Turkey
536722,SKU1357,Bed,2,2023-01-15 21:00:00,50.2,10089.0,Germany
536723,SKU1358,Sofa,2,2023-01-15 22:00:00,48.71,10079.0,UK
536724,SKU1359,Lamp,1,2023-01-15 23:00:00,89.43,10031.0,France
536725,SKU1360,Bed,2,2023-01-16 00:00:00,85.41,10001.0,France
536726,SKU1361,Chair,1,2023-01-16 01:00:00,48.88,10071.0,Spain
536727,SKU1362,Table,1,2023-01-16 02:00:00,162.28,10057.0,UK
536728,SKU1363,Bed,3,2023-01-16 03:00:00,50.62,10019.0,Germany
536729,SKU1364,Sofa,2,2023-01-16 04:00:00,173.43,10076.0,France
536730,SKU1365,Bed,-1,2023-01-16 05:00:00,60.5,10071.0,Spain
536731,SKU1366,Sofa,1,2023-01-16 06:00:00,87.57,10088.0,UK
536732,SKU1367,Sofa,1,2023-01-16 07:00:00,7.38,10009.0,Germany
536733,SKU1368,Sofa,2,2023-01-16 08:00:00,32.85,10001.0,Spain
536734,SKU1369,Table,1,2023-01-16 09:00:00,16.43,10087.0,France
536735,SKU1370,Sofa,1,2023-01-16 10:00:00,118.11,10057.0,Germany
536736,SKU1371,Bed,2,2023-01-16 11:00:00,134.38,10018.0,Turkey
536737,SKU1372,Lamp,1,2023-01-16 12:00:00,163.81,,Turkey
536738,SKU1373,Sofa,2,2023-01-16 13:00:00,143.9,10065.0,Turkey
536739,SKU1374,Chair,3,2023-01-16 14:00:00,82.73,10078.0,France
536740,SKU1375,Table,1,2023-01-16 15:00:00,104.08,10036.0,Spain
536741,SKU1376,Bed,2,2023-01-16 16:00:00,116.94,10014.0,Spain
536742,SKU1377,Table,2,2023-01-16 17:00:00,148.38,10001.0,France
536743,SKU1378,Chair,4,2023-01-16 18:00:00,96.37,10088.0,France
536744,SKU1379,Bed,1,2023-01-16 19:00:00,156.15,10076.0,Spain
536745,SKU1380,Table,2,2023-01-16 20:00:00,187.94,10089.0,Spain
536746,SKU1381,Table,2,2023-01-16 21:00:00,129.92,10057.0,Germany
536747,SKU1382,Sofa,2,2023-01-16 22:00:00,39.1,,Turkey
536748,SKU1383,Sofa,3,2023-01-16 23:00:00,130.5,10052.0,France
536749,SKU1384,Sofa,-3,2023-01-17 00:00:00,158.9,10093.0,Germany
536750,SKU1385,Lamp,4,2023-01-17 01:00:00,196.42,10054.0,UK
536751,SKU1386,Sofa,2,2023-01-17 02:00:00,30.01,10071.0,UK
536752,SKU1387,Bed,3,2023-01-17 03:00:00,14.98,10045.0,Germany
536753,SKU1388,Bed,2,2023-01-17 04:00:00,182.59,10014.0,Spain
536754,SKU1389,Sofa,3,2023-01-17 05:00:00,36.82,10019.0,France
536755,SKU1390,Lamp,3,2023-01-17 06:00:00,121.83,10091.0,Germany
536756,SKU1391,Chair,2,2023-01-17 07:00:00,139.31,10010.0,Germany
536757,SKU1392,Chair,-1,2023-01-17 08:00:00,145.29,10027.0,Turkey
536758,SKU1393,Chair,3,2023-01-17 09:00:00,31.69,10033.0,Germany
536759,SKU1394,Table,2,2023-01-17 10:00:00,148.5,10043.0,Germany
536760,SKU1395,Chair,3,2023-01-17 11:00:00,42.94,10065.0,Turkey
536761,SKU1396,Bed,1,2023-01-17 12:00:00,45.5,10092.0,UK
536762,SKU1397,Chair,1,2023-01-17 13:00:00,123.24,10075.0,Turkey
536763,SKU1398,Bed,2,2023-01-17 14:00:00,19.39,,Germany
536764,SKU1399,Sofa,2,2023-01-17 15:00:00,195.03,10076.0,Turkey
536765,SKU1400,Lamp,3,2023-01-17 16:00:00,157.6,10011.0,UK
536766,SKU1401,Sofa,1,2023-01-17 17:00:00,26.18,10024.0,UK
536767,SKU1402,Sofa,2,2023-01-17 18:00:00,76.31,10053.0,Spain
536768,SKU1403,Sofa,3,2023-01-17 19:00:00,8.25,10001.0,Spain
536769,SKU1404,Bed,1,2023-01-17 20:00:00,30.15,10018.0,UK
536770,SKU1405,Chair,3,2023-01-17 21:00:00,92.84,10093.0,UK
536771,SKU1406,Lamp,2,2023-01-17 22:00:00,13.72,10098.0,UK
536772,SKU1407,Bed,1,2023-01-17 23:00:00,156.48,10054.0,France
536773,SKU1408,Lamp,1,2023-01-18 00:00:00,145.27,10041.0,UK
536774,SKU1409,Sofa,1,2023-01-18 01:00:00,134.12,10046.0,France
536775,SKU1410,Bed,3,2023-01-18 02:00:00,103.81,10015.0,Turkey
536776,SKU1411,Sofa,3,2023-01-18 03:00:00,153.73,10061.0,Germany
536777,SKU1412,Lamp,4,2023-01-18 04:00:00,51.89,10061.0,France
536778,SKU1413,Bed,3,2023-01-18 05:00:00,90.25,10096.0,UK
536779,SKU1414,Sofa,2,2023-01-18 06:00:00,79.12,10060.0,Turkey
536780,SKU1415,Lamp,4,2023-01-18 07:00:00,150.88,10095.0,Germany
536781,SKU1416,Table,4,2023-01-18 08:00:00,180.54,,Spain
536782,SKU1417,Bed,2,2023-01-18 09:00:00,114.36,10003.0,Germany
536783,SKU1418,Sofa,-1,2023-01-18 10:00:00,185.37,10052.0,UK
536784,SKU1419,Chair,2,2023-01-18 11:00:00,169.72,10006.0,Germany
536785,SKU1420,Chair,2,2023-01-18 12:00:00,129.36,10083.0,UK
536786,SKU1421,Lamp,1,2023-01-18 13:00:00,74.01,10079.0,Germany
536787,SKU1422,Lamp,-1,2023-01-18 14:00:00,142.17,10075.0,Germany
536788,SKU1423,Bed,2,2023-01-18 15:00:00,14.07,10095.0,Spain
536789,SKU1424,Bed,-1,2023-01-18 16:00:00,30.43,10080.0,France
536790,SKU1425,Table,2,2023-01-18 17:00:00,190.11,10031.0,Spain
536791,SKU1426,Lamp,2,2023-01-18 18:00:00,84.22,10080.0,Germany
536792,SKU1427,Chair,3,2023-01-18 19:00:00,162.44,10008.0,France
536793,SKU1428,Bed,1,2023-01-18 20:00:00,57.82,10081.0,Spain
536794,SKU1429,Sofa,2,2023-01-18 21:00:00,134.58,10063.0,Spain
536795,SKU1430,Lamp,4,2023-01-18 22:00:00,111.87,10044.0,Turkey
536796,SKU1431,Lamp,1,2023-01-18 23:00:00,66.9,10049.0,Germany
536797,SKU1432,Lamp,2,2023-01-19 00:00:00,178.45,10073.0,Turkey
536798,SKU1433,Sofa,4,2023-01-19 01:00:00,148.26,10036.0,UK
536799,SKU1434,Table,2,2023-01-19 02:00:00,14.81,10023.0,Germany
536800,SKU1435,Lamp,1,2023-01-19 03:00:00,182.06,10055.0,UK
536801,SKU1436,Table,2,2023-01-19 04:00:00,154.12,10092.0,France
536802,SKU1437,Lamp,-3,2023-01-19 05:00:00,66.43,,Turkey
536803,SKU1438,Chair,1,2023-01-19 06:00:00,33.76,10029.0,Spain
536804,SKU1439,Table,2,2023-01-19 07:00:00,118.98,10081.0,Spain
536805,SKU1440,Sofa,4,2023-01-19 08:00:00,194.14,10082.0,UK
536806,SKU1441,Bed,1,2023-01-19 09:00:00,71.65,10073.0,UK
536807,SKU1442,Sofa,2,2023-01-19 10:00:00,169.36,10092.0,Turkey
536808,SKU1443,Sofa,2,2023-01-19 11:00:00,82.68,10059.0,Germany
536809,SKU1444,Table,1,2023-01-19 12:00:00,32.85,10097.0,Germany
536810,SKU1445,Chair,1,2023-01-19 13:00:00,61.81,10045.0,Germany
536811,SKU1446,Bed,3,2023-01-19 14:00:00,32.72,10037.0,France
536812,SKU1447,Table,1,2023-01-19 15:00:00,168.35,10095.0,Germany
536813,SKU1448,Table,2,2023-01-19 16:00:00,184.89,10091.0,Spain
536814,SKU1449,Chair,4,2023-01-19 17:00:00,55.85,10063.0,Turkey
536815,SKU1450,Lamp,1,2023-01-19 18:00:00,195.68,10039.0,Germany
536816,SKU1451,Sofa,1,2023-01-19 19:00:00,104.38,10046.0,UK
536817,SKU1452,Sofa,3,2023-01-19 20:00:00,70.31,10022.0,Germany
536818,SKU1453,Bed,4,2023-01-19 21:00:00,154.98,10043.0,Turkey
536819,SKU1454,Table,1,2023-01-19 22:00:00,112.09,10014.0,France
536820,SKU1455,Table,2,2023-01-19 23:00:00,159.42,10000.0,Spain
536821,SKU1456,Table,3,2023-01-20 00:00:00,142.45,10057.0,Germany
536822,SKU1457,Lamp,4,2023-01-20 01:00:00,66.91,10097.0,Turkey
536823,SKU1458,Bed,1,2023-01-20 02:00:00,34.6,10033.0,UK
536824,SKU1459,Bed,1,2023-01-20 03:00:00,87.89,10091.0,Germany
536825,SKU1460,Lamp,2,2023-01-20 04:00:00,66.47,10007.0,UK
536826,SKU1461,Chair,2,2023-01-20 05:00:00,196.08,10055.0,Germany
536827,SKU1462,Chair,1,2023-01-20 06:00:00,184.41,10059.0,France
536828,SKU1463,Sofa,4,2023-01-20 07:00:00,15.59,10003.0,France
536829,SKU1464,Sofa,2,2023-01-20 08:00:00,44.16,10087.0,Spain
536830,SKU1465,Lamp,2,2023-01-20 09:00:00,182.83,10010.0,France
536831,SKU1466,Chair,2,2023-01-20 10:00:00,143.39,10073.0,Turkey
536832,SKU1467,Chair,1,2023-01-20 11:00:00,17.13,,Spain
536833,SKU1468,Table,4,2023-01-20 12:00:00,127.23,10036.0,UK
536834,SKU1469,Lamp,1,2023-01-20 13:00:00,174.96,10081.0,Spain
536835,SKU1470,Table,3,2023-01-20 14:00:00,145.29,10071.0,UK
536836,SKU1471,Bed,4,2023-01-20 15:00:00,79.45,10096.0,Germany
536837,SKU1472,Sofa,2,2023-01-20 16:00:00,108.32,10065.0,Spain
536838,SKU1473,Lamp,2,2023-01-20 17:00:00,37.15,10046.0,France
536839,SKU1474,Lamp,1,2023-01-20 18:00:00,163.47,10072.0,Spain
536840,SKU1475,Chair,1,2023-01-20 19:00:00,54.61,10072.0,UK
536841,SKU1476,Lamp,2,2023-01-20 20:00:00,7.24,10063.0,UK
536842,SKU1477,Chiar,2,2023-01-20 21:00:00,94.23,10045.0,UK
536843,SKU1478,Sofa,1,2023-01-20 22:00:00,163.28,10013.0,France
536844,SKU1479,Chair,4,2023-01-20 23:00:00,172.11,10058.0,France
536845,SKU1480,Lamp,1,2023-01-21 00:00:00,159.41,10008.0,Germany
536846,SKU1481,Table,2,2023-01-21 01:00:00,62.95,10012.0,Spain
536847,SKU1482,Lamp,1,2023-01-21 02:00:00,184.45,10069.0,Spain
536848,SKU1483,Lamp,2,2023-01-21 03:00:00,102.93,10075.0,Germany
536849,SKU1484,Table,3,2023-01-21 04:00:00,45.87,10006.0,Spain
536850,SKU1485,Lamp,2,2023-01-21 05:00:00,39.49,10030.0,Spain
536851,SKU1486,Chair,1,2023-01-21 06:00:00,69.56,10020.0,Germany
536852,SKU1487,Chair,1,2023-01-21 07:00:00,48.32,10051.0,Spain
536853,SKU1488,Sofa,2,2023-01-21 08:00:00,74.1,10027.0,Spain
536854,SKU1489,Bed,-1,2023-01-21 09:00:00,169.24,10085.0,Germany
536855,SKU1490,Table,3,2023-01-21 10:00:00,19.71,10023.0,Turkey
536856,SKU1491,Sofa,1,2023-01-21 11:00:00,73.7,10048.0,France
536857,SKU1492,Sofa,1,2023-01-21 12:00:00,92.38,10069.0,UK
536858,SKU1493,Table,3,2023-01-21 13:00:00,51.78,10034.0,Spain
536859,SKU1494,Lamp,1,2023-01-21 14:00:00,53.05,10056.0,France
536860,SKU1495,Sofa,2,2023-01-21 15:00:00,71.58,10078.0,Germany
536861,SKU1496,Sofa,2,2023-01-21 16:00:00,168.71,10095.0,Germany
536862,SKU1497,Chair,1,2023-01-21 17:00:00,154.78,10062.0,Spain
536863,SKU1498,Table,3,2023-01-21 18:00:00,55.3,10033.0,Turkey
536864,SKU1499,Bed,2,2023-01-21 19:00:00,64.7,10075.0,Turkey
536865,SKU1500,Sofa,3,2023-01-21 20:00:00,54.03,10011.0,Turkey
536866,SKU1501,Sofa,4,2023-01-21 21:00:00,96.96,10050.0,UK
536867,SKU1502,Chair,2,2023-01-21 22:00:00,92.28,10023.0,Germany
536868,SKU1503,Lamp,2,2023-01-21 23:00:00,172.52,10040.0,Turkey
536869,SKU1504,Chair,3,2023-01-22 00:00:00,184.95,10010.0,France
536870,SKU1505,Bed,4,2023-01-22 01:00:00,57.85,10098.0,Spain
536871,SKU1506,Table,2,2023-01-22 02:00:00,165.54,10036.0,Turkey
536872,SKU1507,Table,1,2023-01-22 03:00:00,177.4,10010.0,Turkey
536873,SKU1508,Chair,1,2023-01-22 04:00:00,61.96,10036.0,Spain
536874,SKU1509,Sofa,1,2023-01-22 05:00:00,87.32,10019.0,Germany
536875,SKU1510,Lamp,1,2023-01-22 06:00:00,79.59,10069.0,Germany
536876,SKU1511,Sofa,2,2023-01-22 07:00:00,67.83,10074.0,UK
536877,SKU1512,Sofa,4,2023-01-22 08:00:00,64.03,10089.0,Turkey
536878,SKU1513,Table,4,2023-01-22 09:00:00,134.85,10084.0,Germany
536879,SKU1514,Chair,3,2023-01-22 10:00:00,108.13,10057.0,France
536880,SKU1515,Table,4,2023-01-22 11:00:00,21.74,10097.0,UK
536881,SKU1516,Sofa,2,2023-01-22 12:00:00,74.58,10083.0,UK
536882,SKU1517,Sofa,1,2023-01-22 13:00:00,40.01,10037.0,Germany
536883,SKU1518,Sofa,1,2023-01-22 14:00:00,68.67,10074.0,France
536884,SKU1519,Bed,2,2023-01-22 15:00:00,61.66,10093.0,Germany
536885,SKU1520,Lamp,1,2023-01-22 16:00:00,165.36,10027.0,Germany
536886,SKU1521,Bed,2,2023-01-22 17:00:00,136.5,10045.0,France
536887,SKU1522,Table,2,2023-01-22 18:00:00,61.88,10087.0,Turkey
536888,SKU1523,Bed,3,2023-01-22 19:00:00,125.22,10097.0,France
536889,SKU1524,Chair,1,2023-01-22 20:00:00,42.74,10034.0,UK
536890,SKU1525,Chair,1,2023-01-22 21:00:00,97.67,10042.0,UK
536891,SKU1526,Chair,4,2023-01-22 22:00:00,174.66,10027.0,France
536892,SKU1527,Sofa,3,2023-01-22 23:00:00,104.9,10090.0,Turkey
536893,SKU1528,Sofa,3,2023-01-23 00:00:00,57.38,10053.0,Germany
536894,SKU1529,Chair,1,2023-01-23 01:00:00,64.54,,Spain
536895,SKU1530,Lamp,1,2023-01-23 02:00:00,159.99,10058.0,UK
536896,SKU1531,Sofa,4,2023-01-23 03:00:00,105.76,10053.0,UK
536897,SKU1532,Lamp,4,2023-01-23 04:00:00,13.67,10032.0,Turkey
536898,SKU1533,Table,3,2023-01-23 05:00:00,33.9,10071.0,France
536899,SKU1534,Lamp,3,2023-01-23 06:00:00,169.29,10061.0,Spain
536900,SKU1535,Lamp,-1,2023-01-23 07:00:00,137.16,10058.0,Spain
536901,SKU1536,Lamp,3,2023-01-23 08:00:00,185.16,10020.0,UK
536902,SKU1537,Sofa,1,2023-01-23 09:00:00,68.5,10072.0,UK
536903,SKU1538,Lamp,-3,2023-01-23 10:00:00,85.69,,Turkey
536904,SKU1539,Sofa,2,2023-01-23 11:00:00,36.47,10028.0,Turkey
536905,SKU1540,Bed,1,2023-01-23 12:00:00,55.75,10092.0,Spain
536906,SKU1541,Sofa,3,2023-01-23 13:00:00,102.23,10026.0,France
536907,SKU1542,Lamp,4,2023-01-23 14:00:00,107.49,10005.0,Germany
536908,SKU1543,Bed,4,2023-01-23 15:00:00,158.18,10057.0,UK
536909,SKU1544,Lamp,3,2023-01-23 16:00:00,61.65,10024.0,Turkey
536910,SKU1545,Table,1,2023-01-23 17:00:00,130.31,10042.0,France
536911,SKU1546,Sofa,2,2023-01-23 18:00:00,172.93,10081.0,Germany
536912,SKU1547,Table,-1,2023-01-23 19:00:00,186.51,10007.0,UK
536913,SKU1548,Chair,4,2023-01-23 20:00:00,154.65,10042.0,Turkey
536914,SKU1549,Bed,1,2023-01-23 21:00:00,130.69,10034.0,France
536915,SKU1550,Chair,1,2023-01-23 22:00:00,19.34,10027.0,UK
536916,SKU1551,Table,2,2023-01-23 23:00:00,9.99,10065.0,Germany
536917,SKU1552,Chair,3,2023-01-24 00:00:00,160.31,10068.0,UK
536918,SKU1553,Table,1,2023-01-24 01:00:00,123.98,10093.0,UK
536919,SKU1554,Bed,2,2023-01-24 02:00:00,55.8,,Spain
536920,SKU1555,Lamp,4,2023-01-24 03:00:00,132.72,10095.0,UK
536921,SKU1556,Sofa,1,2023-01-24 04:00:00,66.92,10094.0,Turkey
536922,SKU1557,Chair,1,2023-01-24 05:00:00,150.44,10041.0,Germany
536923,SKU1558,Table,2,2023-01-24 06:00:00,193.56,10037.0,UK
536924,SKU1559,Chair,3,2023-01-24 07:00:00,33.66,10070.0,France
536925,SKU1560,Table,4,2023-01-24 08:00:00,115.43,10023.0,France
536926,SKU1561,Table,1,2023-01-24 09:00:00,81.23,10070.0,Spain
536927,SKU1562,Lamp,3,2023-01-24 10:00:00,40.24,10083.0,Germany
536928,SKU1563,Lamp,3,2023-01-24 11:00:00,192.9,,Spain
536929,SKU1564,Table,1,2023-01-24 12:00:00,88.8,10086.0,Spain
536930,SKU1565,Bed,-3,2023-01-24 13:00:00,181.01,10055.0,UK
536931,SKU1566,Chair,2,2023-01-24 14:00:00,124.83,10040.0,France
536932,SKU1567,Chair,-1,2023-01-24 15:00:00,48.02,10082.0,Turkey
536933,SKU1568,Table,2,2023-01-24 16:00:00,14.93,10011.0,UK
536934,SKU1569,Chair,1,2023-01-24 17:00:00,128.37,10046.0,UK
536935,SKU1570,Bed,-3,2023-01-24 18:00:00,89.75,10025.0,Germany
536936,SKU1571,Lamp,2,2023-01-24 19:00:00,10.39,,UK
536937,SKU1572,Lamp,4,2023-01-24 20:00:00,136.79,10043.0,France
536938,SKU1573,Table,3,2023-01-24 21:00:00,72.3,10007.0,Turkey
536939,SKU1574,Bed,3,2023-01-24 22:00:00,55.92,10082.0,Spain
536940,SKU1575,Bed,1,2023-01-24 23:00:00,94.52,10034.0,Spain
536941,SKU1576,Chair,2,2023-01-25 00:00:00,146.61,10021.0,Germany
536942,SKU1577,Sofa,3,2023-01-25 01:00:00,103.34,10031.0,Spain
536943,SKU1578,Bed,2,2023-01-25 02:00:00,98.7,10006.0,Spain
536944,SKU1579,Bed,4,2023-01-25 03:00:00,86.12,10018.0,France
536945,SKU1580,Chair,2,2023-01-25 04:00:00,74.65,10066.0,France
536946,SKU1581,Sofa,-1,2023-01-25 05:00:00,91.17,10082.0,Germany
536947,SKU1582,Table,1,2023-01-25 06:00:00,97.89,10074.0,Spain
536948,SKU1583,Table,2,2023-01-25 07:00:00,10.05,10089.0,UK
536949,SKU1584,Sofa,2,2023-01-25 08:00:00,58.58,10081.0,UK
536950,SKU1585,Sofa,2,2023-01-25 09:00:00,94.05,10039.0,Turkey
536951,SKU1586,Sofa,1,2023-01-25 10:00:00,83.61,10085.0,Spain
536952,SKU1587,Sofa,2,2023-01-25 11:00:00,21.94,10062.0,Spain
536953,SKU1588,Table,3,2023-01-25 12:00:00,104.45,10062.0,Turkey
536954,SKU1589,Chair,3,2023-01-25 13:00:00,167.83,10042.0,Germany
536955,SKU1590,Table,2,2023-01-25 14:00:00,84.26,10005.0,Spain
536956,SKU1591,Lamp,2,2023-01-25 15:00:00,65.32,10038.0,Turkey
536957,SKU1592,Chiar,1,2023-01-25 16:00:00,58.72,10004.0,France
536958,SKU1593,Sofa,2,2023-01-25 17:00:00,88.11,10003.0,UK
536959,SKU1594,Table,4,2023-01-25 18:00:00,42.72,10062.0,Germany
536960,SKU1595,Lamp,1,2023-01-25 19:00:00,196.85,10002.0,France
536961,SKU1596,Bed,-3,2023-01-25 20:00:00,138.32,10070.0,Germany
536962,SKU1597,Lamp,2,2023-01-25 21:00:00,160.29,10098.0,France
536963,SKU1598,Bed,4,2023-01-25 22:00:00,148.08,10093.0,Germany
536964,SKU1599,Sofa,3,2023-01-25 23:00:00,42.38,10094.0,Germany
536965,SKU1600,Chair,3,2023-01-26 00:00:00,146.17,10085.0,Spain
536966,SKU1601,Sofa,2,2023-01-26 01:00:00,112.8,10045.0,Turkey
536967,SKU1602,Sofa,2,2023-01-26 02:00:00,86.22,10034.0,Turkey
536968,SKU1603,Table,1,2023-01-26 03:00:00,190.09,10070.0,Germany
536969,SKU1604,Lamp,1,2023-01-26 04:00:00,149.37,10028.0,Turkey
536970,SKU1605,Lamp,3,2023-01-26 05:00:00,102.7,10044.0,Spain
536971,SKU1606,Bed,4,2023-01-26 06:00:00,107.95,10016.0,UK
536972,SKU1607,Bed,4,2023-01-26 07:00:00,119.5,10023.0,UK
536973,SKU1608,Sofa,2,2023-01-26 08:00:00,90.51,10058.0,UK
536974,SKU1609,Chair,1,2023-01-26 09:00:00,28.57,10045.0,France
536975,SKU1610,Lamp,2,2023-01-26 10:00:00,35.71,10050.0,UK
536976,SKU1611,Table,1,2023-01-26 11:00:00,38.4,10083.0,Turkey
536977,SKU1612,Table,2,2023-01-26 12:00:00,118.03,10071.0,Spain
536978,SKU1613,Lamp,2,2023-01-26 13:00:00,170.17,10081.0,Germany
536979,SKU1614,Table,1,2023-01-26 14:00:00,160.9,10058.0,France
536980,SKU1615,Table,2,2023-01-26 15:00:00,81.16,10014.0,France
536981,SKU1616,Sofa,3,2023-01-26 16:00:00,131.19,10002.0,UK
536982,SKU1617,Sofa,3,2023-01-26 17:00:00,30.8,10014.0,Germany
536983,SKU1618,Sofa,1,2023-01-26 18:00:00,77.68,10045.0,UK
536984,SKU1619,Bed,1,2023-01-26 19:00:00,114.55,10016.0,Spain
536985,SKU1620,Bed,2,2023-01-26 20:00:00,169.13,10000.0,Germany
536986,SKU1621,Lamp,2,2023-01-26 21:00:00,131.9,10037.0,UK
536987,SKU1622,Bed,2,2023-01-26 22:00:00,82.01,10077.0,Germany
536988,SKU1623,Chair,4,2023-01-26 23:00:00,41.95,10054.0,France
536989,SKU1624,Lamp,2,2023-01-27 00:00:00,69.1,10018.0,Germany
536990,SKU1625,Bed,1,2023-01-27 01:00:00,191.56,10047.0,France
536991,SKU1626,Table,1,2023-01-27 02:00:00,127.88,10000.0,Germany
536992,SKU1627,Chair,3,2023-01-27 03:00:00,52.79,10089.0,Turkey
536993,SKU1628,Sofa,2,2023-01-27 04:00:00,117.32,10053.0,UK
536994,SKU1629,Sofa,3,2023-01-27 05:00:00,55.96,10026.0,France
536995,SKU1630,Lamp,1,2023-01-27 06:00:00,134.22,10092.0,Germany
536996,SKU1631,Sofa,3,2023-01-27 07:00:00,33.38,10090.0,Germany
536997,SKU1632,Table,1,2023-01-27 08:00:00,54.8,10063.0,UK
536998,SKU1633,Bed,4,2023-01-27 09:00:00,69.27,,UK
536999,SKU1634,Table,3,2023-01-27 10:00:00,32.12,10077.0,Spain
537000,SKU1635,Lamp,2,2023-01-27 11:00:00,47.25,10037.0,UK
537001,SKU1636,Sofa,4,2023-01-27 12:00:00,55.87,10045.0,France
537002,SKU1637,Lamp,2,2023-01-27 13:00:00,98.12,10088.0,Germany
537003,SKU1638,Chair,1,2023-01-27 14:00:00,132.75,10089.0,Germany
537004,SKU1639,Lamp,2,2023-01-27 15:00:00,130.09,10032.0,Turkey
537005,SKU1640,Lamp,4,2023-01-27 16:00:00,26.64,10051.0,Germany
537006,SKU1641,Table,2,2023-01-27 17:00:00,6.55,10020.0,Turkey
537007,SKU1642,Lamp,4,2023-01-27 18:00:00,160.08,10056.0,Germany
537008,SKU1643,Sofa,1,2023-01-27 19:00:00,171.61,10012.0,UK
537009,SKU1644,Bed,2,2023-01-27 20:00:00,112.0,10037.0,Spain
537010,SKU1645,Table,3,2023-01-27 21:00:00,28.33,10058.0,UK
537011,SKU1646,Bed,3,2023-01-27 22:00:00,45.15,10067.0,Spain
537012,SKU1647,Sofa,2,2023-01-27 23:00:00,167.31,10061.0,France
537013,SKU1648,Table,4,2023-01-28 00:00:00,83.22,10050.0,Germany
537014,SKU1649,Chair,1,2023-01-28 01:00:00,112.84,10000.0,Spain
537015,SKU1650,Sofa,2,2023-01-28 02:00:00,107.08,10018.0,France
537016,SKU1651,Lamp,3,2023-01-28 03:00:00,24.58,10098.0,UK
537017,SKU1652,Lamp,2,2023-01-28 04:00:00,199.6,10051.0,Spain
537018,SKU1653,Bed,3,2023-01-28 05:00:00,129.95,10082.0,Germany
537019,SKU1654,Bed,1,2023-01-28 06:00:00,143.19,10031.0,Germany
537020,SKU1655,Table,3,2023-01-28 07:00:00,156.95,10031.0,UK
537021,SKU1656,Lamp,3,2023-01-28 08:00:00,105.87,10074.0,France
537022,SKU1657,Bed,1,2023-01-28 09:00:00,157.38,10081.0,UK
537023,SKU1658,Sofa,1,2023-01-28 10:00:00,116.6,10013.0,Turkey
537024,SKU1659,Sofa,1,2023-01-28 11:00:00,69.47,10093.0,Germany
537025,SKU1660,Chair,1,2023-01-28 12:00:00,80.75,10020.0,Spain
537026,SKU1661,Bed,2,2023-01-28 13:00:00,129.18,10020.0,Germany
537027,SKU1662,Sofa,2,2023-01-28 14:00:00,182.14,10010.0,Germany
537028,SKU1663,Bed,1,2023-01-28 15:00:00,155.94,10001.0,France
537029,SKU1664,Table,4,2023-01-28 16:00:00,129.25,,Germany
537030,SKU1665,Bed,1,2023-01-28 17:00:00,45.5,10002.0,Germany
537031,SKU1666,Bed,2,2023-01-28 18:00:00,168.36,10029.0,France
537032,SKU1667,Table,1,2023-01-28 19:00:00,123.85,10032.0,France
537033,SKU1668,Sofa,3,2023-01-28 20:00:00,183.49,10074.0,France
537034,SKU1669,Lamp,2,2023-01-28 21:00:00,136.8,10032.0,France
537035,SKU1670,Sofa,2,2023-01-28 22:00:00,190.88,10008.0,France
537036,SKU1671,Lamp,4,2023-01-28 23:00:00,145.3,10092.0,Turkey
537037,SKU1672,Chiar,4,2023-01-29 00:00:00,73.49,10087.0,UK
537038,SKU1673,Table,3,2023-01-29 01:00:00,199.0,10042.0,Germany
537039,SKU1674,Bed,1,2023-01-29 02:00:00,134.57,10089.0,UK
537040,SKU1675,Lamp,3,2023-01-29 03:00:00,82.49,10067.0,France
537041,SKU1676,Lamp,1,2023-01-29 04:00:00,87.54,10059.0,Turkey
537042,SKU1677,Lamp,2,2023-01-29 05:00:00,9.88,10007.0,Spain
537043,SKU1678,Lamp,4,2023-01-29 06:00:00,52.66,10092.0,France
537044,SKU1679,Chair,3,2023-01-29 07:00:00,115.08,10013.0,Turkey
537045,SKU1680,Sofa,2,2023-01-29 08:00:00,179.28,10039.0,Turkey
537046,SKU1681,Sofa,3,2023-01-29 09:00:00,148.1,10083.0,Spain
537047,SKU1682,Chair,2,2023-01-29 10:00:00,10.15,10074.0,Germany
537048,SKU1683,Table,2,2023-01-29 11:00:00,124.19,10067.0,Germany
537049,SKU1684,Bed,4,2023-01-29 12:00:00,36.24,10081.0,France
537050,SKU1685,Sofa,2,2023-01-29 13:00:00,179.91,10078.0,Turkey
537051,SKU1686,Sofa,2,2023-01-29 14:00:00,193.41,10015.0,Turkey
537052,SKU1687,Chair,-3,2023-01-29 15:00:00,22.63,10098.0,UK
537053,SKU1688,Bed,2,2023-01-29 16:00:00,23.03,10036.0,Spain
537054,SKU1689,Lamp,2,2023-01-29 17:00:00,168.8,10021.0,France
537055,SKU1690,Sofa,2,2023-01-29 18:00:00,185.34,10014.0,Turkey
537056,SKU1691,Chair,1,2023-01-29 19:00:00,100.21,10026.0,UK
537057,SKU1692,Sofa,2,2023-01-29 20:00:00,50.69,10094.0,Germany
537058,SKU1693,Lamp,3,2023-01-29 21:00:00,87.68,10011.0,France
537059,SKU1694,Lamp,4,2023-01-29 22:00:00,47.9,10039.0,Germany
537060,SKU1695,Lamp,1,2023-01-29 23:00:00,49.94,10029.0,Spain
537061,SKU1696,Table,1,2023-01-30 00:00:00,124.71,10092.0,France
537062,SKU1697,Chair,1,2023-01-30 01:00:00,172.56,10013.0,UK
537063,SKU1698,Sofa,2,2023-01-30 02:00:00,199.41,10066.0,Spain
537064,SKU1699,Bed,2,2023-01-30 03:00:00,190.65,10051.0,France
537065,SKU1700,Chair,1,2023-01-30 04:00:00,121.61,10031.0,Germany
537066,SKU1701,Sofa,3,2023-01-30 05:00:00,112.67,10058.0,UK
537067,SKU1702,Bed,1,2023-01-30 06:00:00,115.63,10009.0,Turkey
537068,SKU1703,Chair,4,2023-01-30 07:00:00,12.79,10082.0,Germany
537069,SKU1704,Lamp,2,2023-01-30 08:00:00,66.45,10070.0,Turkey
537070,SKU1705,Lamp,1,2023-01-30 09:00:00,19.32,10097.0,Germany
537071,SKU1706,Sofa,4,2023-01-30 10:00:00,145.87,10084.0,Spain
537072,SKU1707,Lamp,4,2023-01-30 11:00:00,31.01,,Spain
537073,SKU1708,Bed,-1,2023-01-30 12:00:00,131.92,10010.0,France
537074,SKU1709,Sofa,1,2023-01-30 13:00:00,111.65,10035.0,Spain
537075,SKU1710,Chair,1,2023-01-30 14:00:00,170.52,10072.0,Germany
537076,SKU1711,Bed,1,2023-01-30 15:00:00,166.11,10075.0,France
537077,SKU1712,Lamp,1,2023-01-30 16:00:00,23.17,10065.0,UK
537078,SKU1713,Lamp,3,2023-01-30 17:00:00,91.88,10000.0,France
537079,SKU1714,Table,1,2023-01-30 18:00:00,29.54,10066.0,Turkey
537080,SKU1715,Chair,3,2023-01-30 19:00:00,177.5,10028.0,France
537081,SKU1716,,3,2023-01-30 20:00:00,114.19,10040.0,UK
537082,SKU1717,Sofa,3,2023-01-30 21:00:00,129.46,10082.0,France
537083,SKU1718,Lamp,2,2023-01-30 22:00:00,174.59,10074.0,Spain
537084,SKU1719,Bed,2,2023-01-30 23:00:00,115.46,10080.0,France
537085,SKU1720,Sofa,3,2023-01-31 00:00:00,36.03,10065.0,Spain
537086,SKU1721,Table,3,2023-01-31 01:00:00,86.3,10009.0,UK
537087,SKU1722,Bed,4,2023-01-31 02:00:00,177.43,10032.0,Germany
537088,SKU1723,Lamp,2,2023-01-31 03:00:00,134.52,10075.0,Turkey
537089,SKU1724,Bed,1,2023-01-31 04:00:00,87.77,10059.0,UK
537090,SKU1725,Table,1,2023-01-31 05:00:00,113.39,10081.0,Spain
537091,SKU1726,Chair,1,2023-01-31 06:00:00,13.14,10074.0,UK
537092,SKU1727,Bed,2,2023-01-31 07:00:00,104.69,10086.0,France
537093,SKU1728,Lamp,2,2023-01-31 08:00:00,186.79,10000.0,Spain
537094,SKU1729,Chair,1,2023-01-31 09:00:00,193.49,10022.0,Spain
537095,SKU1730,Chair,1,2023-01-31 10:00:00,120.0,,France
537096,SKU1731,Bed,4,2023-01-31 11:00:00,25.76,10035.0,Germany
537097,SKU1732,Sofa,4,2023-01-31 12:00:00,149.9,10060.0,UK
537098,SKU1733,Sofa,1,2023-01-31 13:00:00,8.09,10010.0,Spain
537099,SKU1734,Chiar,3,2023-01-31 14:00:00,187.47,10000.0,Germany
537100,SKU1735,Chair,2,2023-01-31 15:00:00,190.46,10009.0,Germany
537101,SKU1736,Table,1,2023-01-31 16:00:00,169.36,,Germany
537102,SKU1737,Sofa,3,2023-01-31 17:00:00,165.48,10049.0,Turkey
537103,SKU1738,Lamp,3,2023-01-31 18:00:00,25.94,10093.0,Spain
537104,SKU1739,Chair,2,2023-01-31 19:00:00,57.25,10017.0,Turkey
537105,SKU1740,Chair,2,2023-01-31 20:00:00,143.55,10057.0,France
537106,SKU1741,Lamp,1,2023-01-31 21:00:00,49.0,10057.0,Spain
537107,SKU1742,Sofa,1,2023-01-31 22:00:00,134.53,10050.0,France
537108,SKU1743,Sofa,2,2023-01-31 23:00:00,76.17,10079.0,UK
537109,SKU1744,Table,4,2023-02-01 00:00:00,61.02,10066.0,UK
537110,SKU1745,Table,2,2023-02-01 01:00:00,141.74,10008.0,Spain
537111,SKU1746,Table,1,2023-02-01 02:00:00,7.89,10035.0,Turkey
537112,SKU1747,Table,2,2023-02-01 03:00:00,165.54,10009.0,Spain
537113,SKU1748,Lamp,2,2023-02-01 04:00:00,12.1,10025.0,UK
537114,SKU1749,Lamp,-1,2023-02-01 05:00:00,122.23,10060.0,Turkey
537115,SKU1750,Chair,2,2023-02-01 06:00:00,141.65,10052.0,UK
537116,SKU1751,Bed,2,2023-02-01 07:00:00,53.55,10084.0,Spain
537117,SKU1752,Bed,3,2023-02-01 08:00:00,35.71,10010.0,Germany
537118,SKU1753,Lamp,2,2023-02-01 09:00:00,68.7,10023.0,Spain
537119,SKU1754,Bed,4,2023-02-01 10:00:00,23.09,10044.0,France
537120,SKU1755,Table,1,2023-02-01 11:00:00,15.84,10035.0,UK
537121,SKU1756,Chair,1,2023-02-01 12:00:00,69.25,10098.0,Germany
537122,SKU1757,Chair,-1,2023-02-01 13:00:00,93.21,10056.0,Turkey
537123,SKU1758,Lamp,2,2023-02-01 14:00:00,80.91,10048.0,Spain
537124,SKU1759,Chair,2,2023-02-01 15:00:00,49.4,10040.0,Turkey
537125,SKU1760,Chair,2,2023-02-01 16:00:00,194.23,10067.0,UK
537126,SKU1761,Lamp,1,2023-02-01 17:00:00,67.86,10014.0,Spain
537127,SKU1762,Bed,2,2023-02-01 18:00:00,173.15,10013.0,UK
537128,SKU1763,Sofa,3,2023-02-01 19:00:00,119.7,10008.0,Spain
537129,SKU1764,Table,1,2023-02-01 20:00:00,38.67,10050.0,France
537130,SKU1765,Lamp,1,2023-02-01 21:00:00,26.82,10034.0,Germany
537131,SKU1766,Table,2,2023-02-01 22:00:00,37.98,10034.0,Turkey
537132,SKU1767,Table,2,2023-02-01 23:00:00,9.73,10023.0,France
537133,SKU1768,Sofa,2,2023-02-02 00:00:00,173.11,10035.0,UK
537134,SKU1769,Lamp,4,2023-02-02 01:00:00,78.59,10074.0,Germany
537135,SKU1770,Table,3,2023-02-02 02:00:00,22.8,10072.0,Germany
537136,SKU1771,Lamp,1,2023-02-02 03:00:00,182.88,10073.0,UK
537137,SKU1772,Sofa,2,2023-02-02 04:00:00,142.14,10046.0,Turkey
537138,SKU1773,Lamp,4,2023-02-02 05:00:00,13.51,,France
537139,SKU1774,Lamp,3,2023-02-02 06:00:00,99.08,10013.0,Turkey
537140,SKU1775,Chair,4,2023-02-02 07:00:00,37.17,10020.0,France
537141,SKU1776,Sofa,3,2023-02-02 08:00:00,77.73,10039.0,France
537142,SKU1777,Lamp,1,2023-02-02 09:00:00,117.43,10006.0,Turkey
537143,SKU1778,Lamp,3,2023-02-02 10:00:00,90.68,10037.0,Spain
537144,SKU1779,Sofa,3,2023-02-02 11:00:00,20.94,10073.0,UK
537145,SKU1780,Table,4,2023-02-02 12:00:00,152.34,10025.0,Spain
537146,SKU1781,Bed,4,2023-02-02 13:00:00,55.77,10044.0,Turkey
537147,SKU1782,Lamp,1,2023-02-02 14:00:00,92.47,10003.0,France
537148,SKU1783,Chair,2,2023-02-02 15:00:00,152.46,10012.0,Germany
537149,SKU1784,Bed,1,2023-02-02 16:00:00,142.83,10076.0,UK
537150,SKU1785,Chair,3,2023-02-02 17:00:00,162.77,10027.0,UK
537151,SKU1786,Sofa,1,2023-02-02 18:00:00,104.24,,UK
537152,SKU1787,Chair,3,2023-02-02 19:00:00,28.04,10040.0,Spain
537153,SKU1788,Bed,2,2023-02-02 20:00:00,13.29,10023.0,France
537154,SKU1789,Table,4,2023-02-02 21:00:00,125.22,10085.0,France
537155,SKU1790,Lamp,1,2023-02-02 22:00:00,158.12,10046.0,Spain
537156,SKU1791,Chair,3,2023-02-02 23:00:00,148.76,10088.0,Germany
537157,SKU1792,Lamp,1,2023-02-03 00:00:00,186.35,10073.0,Turkey
537158,SKU1793,Chair,1,2023-02-03 01:00:00,8.59,10076.0,Turkey
537159,SKU1794,sofa,2,2023-02-03 02:00:00,86.53,10019.0,Turkey
537160,SKU1795,Chair,2,2023-02-03 03:00:00,191.0,10024.0,UK
537161,SKU1796,Bed,4,2023-02-03 04:00:00,91.28,10063.0,France
537162,SKU1797,Lamp,-1,2023-02-03 05:00:00,84.3,10031.0,France
537163,SKU1798,Table,3,2023-02-03 06:00:00,26.19,10004.0,Turkey
537164,SKU1799,Sofa,1,2023-02-03 07:00:00,21.37,10079.0,Spain
537165,SKU1800,Sofa,4,2023-02-03 08:00:00,130.61,10014.0,Spain
537166,SKU1801,Bed,2,2023-02-03 09:00:00,105.62,10052.0,France
537167,SKU1802,Sofa,1,2023-02-03 10:00:00,138.11,10034.0,UK
537168,SKU1803,Bed,4,2023-02-03 11:00:00,87.45,10052.0,Germany
537169,SKU1804,Chair,1,2023-02-03 12:00:00,44.34,10006.0,Turkey
537170,SKU1805,Sofa,3,2023-02-03 13:00:00,103.81,10061.0,Germany
537171,SKU1806,Chair,2,2023-02-03 14:00:00,173.39,10090.0,UK
537172,SKU1807,Chair,1,2023-02-03 15:00:00,93.54,10034.0,Spain
537173,SKU1808,Bed,2,2023-02-03 16:00:00,111.04,10071.0,France
537174,SKU1809,Table,2,2023-02-03 17:00:00,22.49,10024.0,Turkey
537175,SKU1810,Chair,-3,2023-02-03 18:00:00,118.72,10058.0,Spain
537176,SKU1811,Lamp,1,2023-02-03 19:00:00,22.66,,Germany
537177,SKU1812,,3,2023-02-03 20:00:00,82.13,10035.0,Germany
537178,SKU1813,Table,2,2023-02-03 21:00:00,77.14,10060.0,France
537179,SKU1814,Table,2,2023-02-03 22:00:00,153.71,10015.0,Germany
537180,SKU1815,Lamp,1,2023-02-03 23:00:00,151.28,10050.0,UK
537181,SKU1816,Chair,1,2023-02-04 00:00:00,138.78,10087.0,Turkey
537182,SKU1817,Lamp,2,2023-02-04 01:00:00,107.52,10068.0,Turkey
537183,SKU1818,Table,4,2023-02-04 02:00:00,176.96,10096.0,Turkey
537184,SKU1819,Table,2,2023-02-04 03:00:00,105.05,10081.0,Turkey
537185,SKU1820,Table,4,2023-02-04 04:00:00,79.72,10012.0,Spain
537186,SKU1821,Bed,2,2023-02-04 05:00:00,174.16,10040.0,Spain
537187,SKU1822,Table,2,2023-02-04 06:00:00,40.65,10039.0,UK
537188,SKU1823,Chair,1,2023-02-04 07:00:00,30.73,10098.0,France
537189,SKU1824,Chair,2,2023-02-04 08:00:00,104.0,10073.0,Turkey
537190,SKU1825,Sofa,1,2023-02-04 09:00:00,177.57,,Spain
537191,SKU1826,Chair,3,2023-02-04 10:00:00,184.98,10089.0,Turkey
537192,SKU1827,Lamp,1,2023-02-04 11:00:00,49.81,10020.0,France
537193,SKU1828,Sofa,1,2023-02-04 12:00:00,78.64,10004.0,Germany
537194,SKU1829,Chair,1,2023-02-04 13:00:00,108.72,10067.0,UK
537195,SKU1830,Table,4,2023-02-04 14:00:00,50.84,10082.0,France
537196,SKU1831,Bed,1,2023-02-04 15:00:00,132.72,10066.0,Turkey
537197,SKU1832,Lamp,1,2023-02-04 16:00:00,29.24,10086.0,Germany
537198,SKU1833,Lamp,2,2023-02-04 17:00:00,145.09,10025.0,France
537199,SKU1834,Sofa,2,2023-02-04 18:00:00,55.55,10017.0,UK
537200,SKU1835,Chair,3,2023-02-04 19:00:00,64.77,10022.0,Turkey
537201,SKU1836,Lamp,1,2023-02-04 20:00:00,86.19,10024.0,France
537202,SKU1837,Sofa,4,2023-02-04 21:00:00,166.87,10034.0,Germany
537203,SKU1838,,4,2023-02-04 22:00:00,47.65,10000.0,Germany
537204,SKU1839,Bed,2,2023-02-04 23:00:00,94.33,10038.0,Spain
537205,SKU1840,Sofa,1,2023-02-05 00:00:00,145.32,10015.0,Germany
537206,SKU1841,Lamp,2,2023-02-05 01:00:00,171.48,10070.0,Germany
537207,SKU1842,Lamp,2,2023-02-05 02:00:00,87.86,,Spain
537208,SKU1843,Lamp,1,2023-02-05 03:00:00,28.13,10085.0,UK
537209,SKU1844,Bed,-1,2023-02-05 04:00:00,49.09,10002.0,Turkey
537210,SKU1845,Sofa,4,2023-02-05 05:00:00,12.42,10070.0,Spain
537211,SKU1846,Chiar,2,2023-02-05 06:00:00,166.39,,Turkey
537212,SKU1847,Chair,4,2023-02-05 07:00:00,13.93,10032.0,Turkey
537213,SKU1848,Sofa,4,2023-02-05 08:00:00,163.42,10016.0,France
537214,SKU1849,Lamp,3,2023-02-05 09:00:00,14.57,10039.0,UK
537215,SKU1850,Chair,4,2023-02-05 10:00:00,170.0,10060.0,Spain
537216,SKU1851,,4,2023-02-05 11:00:00,121.39,10075.0,Germany
537217,SKU1852,Sofa,3,2023-02-05 12:00:00,44.22,10019.0,Germany
537218,SKU1853,Bed,1,2023-02-05 13:00:00,54.82,10058.0,Germany
537219,SKU1854,Bed,4,2023-02-05 14:00:00,182.52,10002.0,UK
537220,SKU1855,Lamp,2,2023-02-05 15:00:00,135.01,10019.0,France
537221,SKU1856,Lamp,3,2023-02-05 16:00:00,110.39,10020.0,Spain
537222,SKU1857,Chair,2,2023-02-05 17:00:00,51.03,10008.0,UK
537223,SKU1858,Lamp,-3,2023-02-05 18:00:00,80.76,10047.0,Spain
537224,SKU1859,Bed,2,2023-02-05 19:00:00,42.31,10042.0,Germany
537225,SKU1860,Lamp,3,2023-02-05 20:00:00,168.43,10007.0,UK
537226,SKU1861,Sofa,3,2023-02-05 21:00:00,160.31,10005.0,UK
537227,SKU1862,Chair,1,2023-02-05 22:00:00,104.72,10081.0,Spain
537228,SKU1863,Chair,2,2023-02-05 23:00:00,131.0,10089.0,UK
537229,SKU1864,Lamp,-1,2023-02-06 00:00:00,6.84,10094.0,UK
537230,SKU1865,Lamp,1,2023-02-06 01:00:00,195.74,,France
537231,SKU1866,Chair,3,2023-02-06 02:00:00,19.45,10036.0,Turkey
537232,SKU1867,Chair,4,2023-02-06 03:00:00,96.38,10084.0,Spain
537233,SKU1868,Chair,2,2023-02-06 04:00:00,59.25,10074.0,Turkey
537234,SKU1869,Table,1,2023-02-06 05:00:00,87.84,,France
537235,SKU1870,Lamp,1,2023-02-06 06:00:00,74.1,10083.0,Spain
537236,SKU1871,Lamp,3,2023-02-06 07:00:00,72.31,10011.0,Germany
537237,SKU1872,Lamp,1,2023-02-06 08:00:00,197.38,10086.0,Turkey
537238,SKU1873,Bed,2,2023-02-06 09:00:00,170.53,10087.0,France
537239,SKU1874,Chair,3,2023-02-06 10:00:00,55.62,10031.0,UK
537240,SKU1875,Sofa,4,2023-02-06 11:00:00,99.4,10016.0,UK
537241,SKU1876,Sofa,1,2023-02-06 12:00:00,122.53,10091.0,France
537242,SKU1877,Table,3,2023-02-06 13:00:00,94.0,10068.0,Germany
537243,SKU1878,Table,2,2023-02-06 14:00:00,183.49,10005.0,Germany
537244,SKU1879,Sofa,4,2023-02-06 15:00:00,78.83,10043.0,Germany
537245,SKU1880,Table,4,2023-02-06 16:00:00,145.36,10032.0,UK
537246,SKU1881,Sofa,3,2023-02-06 17:00:00,165.15,10012.0,France
537247,SKU1882,Lamp,4,2023-02-06 18:00:00,8.25,10018.0,Turkey
537248,SKU1883,Bed,3,2023-02-06 19:00:00,48.37,10026.0,France
537249,SKU1884,Bed,2,2023-02-06 20:00:00,126.21,10065.0,UK
537250,SKU1885,Table,4,2023-02-06 21:00:00,63.22,10041.0,UK
537251,SKU1886,Bed,3,2023-02-06 22:00:00,143.36,10071.0,Turkey
537252,SKU1887,Chair,1,2023-02-06 23:00:00,70.72,10034.0,Germany
537253,SKU1888,Sofa,1,2023-02-07 00:00:00,140.37,10014.0,Germany
537254,SKU1889,Sofa,1,2023-02-07 01:00:00,62.18,10048.0,Spain
537255,SKU1890,Bed,2,2023-02-07 02:00:00,139.02,,Germany
537256,SKU1891,Table,4,2023-02-07 03:00:00,58.72,10013.0,France
537257,SKU1892,Table,-1,2023-02-07 04:00:00,19.55,10039.0,Spain
537258,SKU1893,Sofa,2,2023-02-07 05:00:00,40.34,10034.0,UK
537259,SKU1894,Table,3,2023-02-07 06:00:00,67.38,10064.0,France
537260,SKU1895,Lamp,3,2023-02-07 07:00:00,89.77,10016.0,Turkey
537261,SKU1896,Table,2,2023-02-07 08:00:00,131.77,10030.0,Spain
537262,SKU1897,Chair,1,2023-02-07 09:00:00,153.23,10043.0,UK
537263,SKU1898,Chair,2,2023-02-07 10:00:00,43.25,10026.0,Turkey
537264,SKU1899,Lamp,1,2023-02-07 11:00:00,149.31,,Germany
537265,SKU1900,Bed,3,2023-02-07 12:00:00,102.97,10075.0,Spain
537266,SKU1901,Sofa,1,2023-02-07 13:00:00,116.19,10010.0,Spain
537267,SKU1902,Table,1,2023-02-07 14:00:00,57.99,10026.0,UK
537268,SKU1903,Table,3,2023-02-07 15:00:00,55.15,10078.0,UK
537269,SKU1904,Lamp,2,2023-02-07 16:00:00,16.34,10015.0,UK
537270,SKU1905,Bed,1,2023-02-07 17:00:00,49.79,10058.0,France
537271,SKU1906,Table,2,2023-02-07 18:00:00,194.47,10085.0,France
537272,SKU1907,Lamp,4,2023-02-07 19:00:00,72.01,10023.0,UK
537273,SKU1908,Lamp,1,2023-02-07 20:00:00,140.32,10031.0,UK
537274,SKU1909,Table,4,2023-02-07 21:00:00,77.38,10048.0,UK
537275,SKU1910,Sofa,4,2023-02-07 22:00:00,12.97,10014.0,UK
537276,SKU1911,Lamp,3,2023-02-07 23:00:00,78.0,10092.0,France
537277,SKU1912,Table,2,2023-02-08 00:00:00,120.74,10046.0,France
537278,SKU1913,Lamp,3,2023-02-08 01:00:00,59.98,10022.0,UK
537279,SKU1914,Lamp,3,2023-02-08 02:00:00,11.24,10031.0,Turkey
537280,SKU1915,Lamp,3,2023-02-08 03:00:00,187.6,10040.0,Germany
537281,SKU1916,Lamp,2,2023-02-08 04:00:00,29.41,10054.0,Spain
537282,SKU1917,Bed,-1,2023-02-08 05:00:00,88.75,10098.0,France
537283,SKU1918,Chair,2,2023-02-08 06:00:00,24.74,10084.0,UK
537284,SKU1919,Bed,2,2023-02-08 07:00:00,134.43,10026.0,France
537285,SKU1920,Table,1,2023-02-08 08:00:00,100.29,10062.0,Spain
537286,SKU1921,Chair,1,2023-02-08 09:00:00,62.4,10033.0,Germany
537287,SKU1922,Table,2,2023-02-08 10:00:00,53.49,10071.0,Spain
537288,SKU1923,Table,3,2023-02-08 11:00:00,163.76,10008.0,Turkey
537289,SKU1924,Lamp,2,2023-02-08 12:00:00,196.96,10094.0,Germany
537290,SKU1925,Lamp,4,2023-02-08 13:00:00,188.0,10023.0,France
537291,SKU1926,Lamp,1,2023-02-08 14:00:00,5.68,10018.0,France
537292,SKU1927,Chair,1,2023-02-08 15:00:00,62.04,10073.0,Spain
537293,SKU1928,Chair,3,2023-02-08 16:00:00,79.99,10099.0,Spain
537294,SKU1929,Lamp,1,2023-02-08 17:00:00,165.2,10051.0,Germany
537295,SKU1930,Table,-3,2023-02-08 18:00:00,181.0,,Spain
537296,SKU1931,Lamp,4,2023-02-08 19:00:00,174.64,10017.0,Turkey
537297,SKU1932,Sofa,2,2023-02-08 20:00:00,11.89,10058.0,France
537298,SKU1933,Lamp,1,2023-02-08 21:00:00,99.69,10060.0,Turkey
537299,SKU1934,Lamp,2,2023-02-08 22:00:00,167.01,10040.0,Turkey
537300,SKU1935,Sofa,3,2023-02-08 23:00:00,108.63,10055.0,France
537301,SKU1936,Sofa,2,2023-02-09 00:00:00,112.0,10071.0,France
537302,SKU1937,Chair,2,2023-02-09 01:00:00,118.68,10092.0,Turkey
537303,SKU1938,Chair,1,2023-02-09 02:00:00,22.23,10057.0,Spain
537304,SKU1939,Chair,3,2023-02-09 03:00:00,163.44,10075.0,Turkey
537305,SKU1940,Sofa,4,2023-02-09 04:00:00,5.84,10027.0,Turkey
537306,SKU1941,Bed,1,2023-02-09 05:00:00,64.65,10052.0,Turkey
537307,SKU1942,Table,1,2023-02-09 06:00:00,10.29,10008.0,UK
537308,SKU1943,Lamp,2,2023-02-09 07:00:00,93.78,10094.0,Germany
537309,SKU1944,Table,2,2023-02-09 08:00:00,93.72,10037.0,Spain
537310,SKU1945,Lamp,1,2023-02-09 09:00:00,47.23,10095.0,UK
537311,SKU1946,Sofa,1,2023-02-09 10:00:00,172.2,10005.0,Germany
537312,SKU1947,Bed,1,2023-02-09 11:00:00,122.05,10052.0,Germany
537313,SKU1948,Lamp,1,2023-02-09 12:00:00,53.33,10080.0,Turkey
537314,SKU1949,Lamp,2,2023-02-09 13:00:00,61.77,10078.0,Turkey
537315,SKU1950,Bed,3,2023-02-09 14:00:00,169.44,10004.0,Germany
537316,SKU1951,Bed,1,2023-02-09 15:00:00,159.96,10050.0,UK
537317,SKU1952,Table,3,2023-02-09 16:00:00,168.69,10013.0,UK
537318,SKU1953,Lamp,1,2023-02-09 17:00:00,192.31,10019.0,France
537319,SKU1954,Table,1,2023-02-09 18:00:00,23.16,10003.0,Germany
537320,SKU1955,Chair,2,2023-02-09 19:00:00,136.31,10050.0,Germany
537321,SKU1956,Bed,1,2023-02-09 20:00:00,183.32,10077.0,France
537322,SKU1957,Bed,1,2023-02-09 21:00:00,111.86,10084.0,Germany
537323,SKU1958,Bed,4,2023-02-09 22:00:00,29.26,10054.0,Spain
537324,SKU1959,Bed,3,2023-02-09 23:00:00,157.76,10065.0,Turkey
537325,SKU1960,Chair,1,2023-02-10 00:00:00,69.77,10006.0,France
537326,SKU1961,Sofa,4,2023-02-10 01:00:00,7.98,10049.0,UK
537327,SKU1962,Lamp,2,2023-02-10 02:00:00,11.43,10001.0,UK
537328,SKU1963,Lamp,2,2023-02-10 03:00:00,196.98,10042.0,France
537329,SKU1964,Table,1,2023-02-10 04:00:00,61.33,10086.0,Spain
537330,SKU1965,Table,3,2023-02-10 05:00:00,7.59,10094.0,Turkey
537331,SKU1966,Lamp,1,2023-02-10 06:00:00,121.69,10057.0,UK
537332,SKU1967,Bed,1,2023-02-10 07:00:00,126.03,10017.0,Germany
537333,SKU1968,Lamp,1,2023-02-10 08:00:00,32.29,10038.0,UK
537334,SKU1969,Bed,2,2023-02-10 09:00:00,45.44,10086.0,Spain
537335,SKU1970,Sofa,2,2023-02-10 10:00:00,173.54,10037.0,Germany
537336,SKU1971,Bed,2,2023-02-10 11:00:00,130.64,10075.0,UK
537337,SKU1972,,-3,2023-02-10 12:00:00,126.32,10047.0,Germany
537338,SKU1973,Sofa,2,2023-02-10 13:00:00,133.42,10090.0,France
537339,SKU1974,Table,3,2023-02-10 14:00:00,28.85,10078.0,Germany
537340,SKU1975,Bed,2,2023-02-10 15:00:00,27.67,10068.0,UK
537341,SKU1976,Lamp,2,2023-02-10 16:00:00,176.2,10068.0,France
537342,SKU1977,Chair,3,2023-02-10 17:00:00,13.64,10046.0,Spain
537343,SKU1978,Lamp,4,2023-02-10 18:00:00,168.89,,France
537344,SKU1979,Bed,1,2023-02-10 19:00:00,120.73,10067.0,Spain
537345,SKU1980,Chair,4,2023-02-10 20:00:00,14.34,10031.0,France
537346,SKU1981,Table,-3,2023-02-10 21:00:00,152.66,10007.0,Turkey
537347,SKU1982,Lamp,1,2023-02-10 22:00:00,11.12,10091.0,UK
537348,SKU1983,Chair,1,2023-02-10 23:00:00,59.56,10081.0,UK
537349,SKU1984,Chair,3,2023-02-11 00:00:00,153.41,10058.0,France
537350,SKU1985,Bed,-1,2023-02-11 01:00:00,44.81,10012.0,Spain
537351,SKU1986,Bed,1,2023-02-11 02:00:00,50.5,10021.0,Germany
537352,SKU1987,Lamp,1,2023-02-11 03:00:00,94.31,10041.0,Turkey
537353,SKU1988,Chair,3,2023-02-11 04:00:00,22.72,10061.0,Spain
537354,SKU1989,Table,-1,2023-02-11 05:00:00,74.64,10020.0,Germany
537355,SKU1990,Lamp,3,2023-02-11 06:00:00,164.64,10094.0,France
537356,SKU1991,Lamp,2,2023-02-11 07:00:00,154.16,10091.0,UK
537357,SKU1992,Bed,3,2023-02-11 08:00:00,169.51,10051.0,Germany
537358,SKU1993,Chair,2,2023-02-11 09:00:00,35.77,10056.0,Germany
537359,SKU1994,Sofa,1,2023-02-11 10:00:00,144.16,,Germany
537360,SKU1995,Table,1,2023-02-11 11:00:00,100.59,10043.0,UK
537361,SKU1996,Bed,3,2023-02-11 12:00:00,177.1,10089.0,UK
537362,SKU1997,Sofa,4,2023-02-11 13:00:00,77.16,,Spain
537363,SKU1998,Lamp,1,2023-02-11 14:00:00,199.09,10087.0,France
537364,SKU1999,Bed,3,2023-02-11 15:00:00,70.06,10063.0,Germany
